,N2,Alpha distribution,Random seed,alpha_parameter1,alpha_parameter2,alphas
0,150,gamma1,10,0.1667,1,-0.2459549220725486
1,150,gamma1,10,0.1667,1,-0.0034957485272189347
2,150,gamma1,10,0.1667,1,-0.1673936887749032
3,150,gamma1,10,0.1667,1,-0.23029960078890735
4,150,gamma1,10,0.1667,1,-0.11505061457766355
5,150,gamma1,10,0.1667,1,-0.04244680286043187
6,150,gamma1,10,0.1667,1,-0.03679486736446392
7,150,gamma1,10,0.1667,1,-0.2382693285043531
