,N2,alpha_mu,alpha_var,alphas
0,150,0.3,0.3,-0.7941369737330304
1,150,0.3,0.3,-0.42968950559801156
2,150,0.3,0.3,-0.24850924131485505
3,150,0.3,0.3,-0.0392288983967891
4,150,0.3,0.3,-0.028598475042880576
5,150,0.3,0.3,-0.5352227524566584
6,150,0.3,0.3,-1.5588806996143067e-05
7,150,0.3,0.3,-0.9815603877119737
