,N2,alpha_mu,alpha_var,alphas
0,100,0.2,0.1,-0.27194265132767853
1,100,0.2,0.1,-0.18264878899091658
2,100,0.2,0.1,-0.2816697214423216
3,100,0.2,0.1,-0.30684661739779023
4,100,0.2,0.1,-0.16659058171030755
5,100,0.2,0.1,-0.47411429497941837
6,100,0.2,0.1,0.013126893757485325
7,100,0.2,0.1,-0.20836018886014504
