,N2,alpha_mu,alpha_var,alphas
0,194,0.5,1,-0.8025572362569662
1,194,0.5,1,-0.03850658917225898
2,194,0.5,1,-0.06595001476203186
3,194,0.5,1,-0.32938937806025104
4,194,0.5,1,-0.11546419130314997
5,194,0.5,1,-0.013184542813766678
6,194,0.5,1,-0.4269071437592292
7,194,0.5,1,-0.05484070690076186
8,194,0.5,1,0.0
9,194,0.5,1,0.8025572362569662
10,194,0.5,1,0.03850658917225898
11,194,0.5,1,0.06595001476203186
12,194,0.5,1,0.11546419130314997
13,194,0.5,1,0.013184542813766678
