,N2,alpha_mu,alpha_var,alphas
0,100,0.2,0.1,-0.12232805565389487
1,100,0.2,0.1,-0.16410884475676238
2,100,0.2,0.1,-0.17827413887832358
3,100,0.2,0.1,-0.2122199217792646
4,100,0.2,0.1,-0.16212708554931884
5,100,0.2,0.1,-0.3517713431915963
6,100,0.2,0.1,-0.11028946316647636
7,100,0.2,0.1,-0.19526906876687947
