,N2,alpha_mu,alpha_var,alphas
0,150,0.3,0.3,-0.5041028293210627
1,150,0.3,0.3,-0.39379110895303926
2,150,0.3,0.3,0.027161974067132832
3,150,0.3,0.3,-0.5273314413384697
4,150,0.3,0.3,-0.5429566197603375
5,150,0.3,0.3,-0.18207677999783534
6,150,0.3,0.3,-0.4985772368991401
7,150,0.3,0.3,-0.2970673463363169
