,N2,alpha_mu,alpha_var,alphas
0,150,0.2,0.4,-0.518984242
1,150,0.2,0.4,-0.153196975
2,150,0.2,0.4,-0.229991992
3,150,0.2,0.4,-0.121329594
4,150,0.2,0.4,-0.048057066
5,150,0.2,0.4,-0.059884373
6,150,0.2,0.4,-0.077400202
7,150,0.2,0.4,-0.03996699
