,N2,alpha_mu,alpha_var,alphas
0,194,0.5,1,-0.5636607682094066
1,194,0.5,1,-0.6694004850221743
2,194,0.5,1,-0.4742907416630996
3,194,0.5,1,-0.07986291027899095
4,194,0.5,1,-0.29026000915557104
5,194,0.5,1,-0.4810985827480095
6,194,0.5,1,-0.08286190635887711
7,194,0.5,1,-0.07157070032943764
8,194,0.5,1,0.0
9,194,0.5,1,-0.5636607682094066
10,194,0.5,1,-0.6694004850221743
11,194,0.5,1,-0.4742907416630996
12,194,0.5,1,-0.29026000915557104
13,194,0.5,1,-0.4810985827480095
