,N2,alpha_mu,alpha_var,alphas
0,150,0.3,0.3,-0.4190114132989482
1,150,0.3,0.3,-0.8743855419094968
2,150,0.3,0.3,-0.18242190393998325
3,150,0.3,0.3,-0.8625071074921126
4,150,0.3,0.3,-0.6329768018989683
5,150,0.3,0.3,-0.43273089038232293
6,150,0.3,0.3,-0.9865177755885943
7,150,0.3,0.3,-0.9247121378190013
