,N2,alpha_mu,alpha_var,alphas
0,150,0.2,0.1,-0.38572803151509805
1,150,0.2,0.1,-0.06770529052927221
2,150,0.2,0.1,-0.16866929027338323
3,150,0.2,0.1,-0.26866537021544773
4,150,0.2,0.1,-0.1406365818725343
5,150,0.2,0.1,-0.21478909115607042
6,150,0.2,0.1,-0.3111771977850281
7,150,0.2,0.1,-0.07042568838257693
