,N2,alpha_mu,alpha_var,alphas
0,100,0.2,0.1,-0.15513121593983525
1,100,0.2,0.1,-0.10972997158418021
2,100,0.2,0.1,-0.325909084419705
3,100,0.2,0.1,-0.11813547409895175
4,100,0.2,0.1,-0.19940848335478864
5,100,0.2,0.1,-0.3082273832603986
6,100,0.2,0.1,-0.2601451453018788
7,100,0.2,0.1,-0.2734421145241875
