,N2,alpha_mu,alpha_var,alphas
0,150,0.3,0.3,-0.8319887652561675
1,150,0.3,0.3,-0.6129433739594252
2,150,0.3,0.3,-0.061192802556925385
3,150,0.3,0.3,-0.7272170266768276
4,150,0.3,0.3,-0.32313846903408483
5,150,0.3,0.3,-0.20809408326051382
6,150,0.3,0.3,-0.13136807548895946
7,150,0.3,0.3,-0.010377603680919778
