,N2,alpha_mu,alpha_var,alphas
0,150,0.3,0.3,-0.7501415191677722
1,150,0.3,0.3,-0.15001711457731742
2,150,0.3,0.3,-0.2111585841997128
3,150,0.3,0.3,-0.04641485775514915
4,150,0.3,0.3,-0.029944826482953636
5,150,0.3,0.3,-0.031155399972785294
6,150,0.3,0.3,-0.07116900674341935
7,150,0.3,0.3,-0.042026933552654584
