,N2,alpha_mu,alpha_var,alphas
0,150,0.3,0.3,-0.5791401164388253
1,150,0.3,0.3,-0.13757505341455312
2,150,0.3,0.3,-0.32364464104012025
3,150,0.3,0.3,-0.8954811299678056
4,150,0.3,0.3,-0.5760736378996109
5,150,0.3,0.3,-0.14873463137684506
6,150,0.3,0.3,-0.15176760213547924
7,150,0.3,0.3,-0.13285659786374227
