,N2,alpha_mu,alpha_var,alphas
0,150,0.3,0.3,-0.5285944892605267
1,150,0.3,0.3,0.19396178424544086
2,150,0.3,0.3,-0.22587116951684127
3,150,0.3,0.3,-0.2753352464762725
4,150,0.3,0.3,-0.5874664394390201
5,150,0.3,0.3,0.15479294086086637
6,150,0.3,0.3,-0.24150468060266284
7,150,0.3,0.3,-0.13000093982147135
