,N2,alpha_mu,alpha_var,alphas
0,150,0.5,1,-0.03357189149076266
1,150,0.5,1,-1.7284517344783816e-05
2,150,0.5,1,-0.4728537603105466
3,150,0.5,1,-0.12606550211855946
4,150,0.5,1,-0.1346524395879335
5,150,0.5,1,-0.09094405498556506
6,150,0.5,1,-0.09325870684319162
7,150,0.5,1,-0.023212873938659614
