,N2,alpha_mu,alpha_var,alphas
0,150,0.3,0.3,-0.50139503890605
1,150,0.3,0.3,-0.217169224276522
2,150,0.3,0.3,-0.248010571963931
3,150,0.3,0.3,-0.117646922519726
4,150,0.3,0.3,-0.05062532012758
5,150,0.3,0.3,-0.06010421956639
6,150,0.3,0.3,-0.051055705791372
7,150,0.3,0.3,-0.04306614871147
