,N2,alpha_mu,alpha_var,alphas
0,120,0.5,1,-0.2317745409945218
1,120,0.5,1,-0.07929074004593434
2,120,0.5,1,-0.002195474784842713
3,120,0.5,1,-7.154968664950398e-05
4,120,0.5,1,-0.16842772070168033
5,120,0.5,1,-0.5078766733477141
6,120,0.5,1,-0.09743553372156936
7,120,0.5,1,-0.0018364981231502118
