,N2,alpha_mu,alpha_var,alphas
0,150,0.4,0.2,-0.501395039
1,150,0.4,0.2,-0.217169224
2,150,0.4,0.2,-0.248010572
3,150,0.4,0.2,-0.117646923
4,150,0.4,0.2,-0.05062532
5,150,0.4,0.2,-0.06010422
6,150,0.4,0.2,-0.051055706
7,150,0.4,0.2,-0.043066149
