,N2,alpha_mu,alpha_var,alphas
0,100,0.15,0.05,-0.09470819128708524
1,100,0.15,0.05,-0.19221599032678757
2,100,0.15,0.05,-0.13203663644841765
3,100,0.15,0.05,-0.15869365960757517
4,100,0.15,0.05,-0.05834216044247201
5,100,0.15,0.05,-0.1587899289021377
6,100,0.15,0.05,-0.04999399401324099
7,100,0.15,0.05,-0.1229795309960012
