,N2,alpha_mu,alpha_var,alphas
0,150,0.3,0.3,-0.459649024157354
1,150,0.3,0.3,-0.10288074898112545
2,150,0.3,0.3,-0.03456363855309398
3,150,0.3,0.3,-0.023801244925304908
4,150,0.3,0.3,-0.2097013075379931
5,150,0.3,0.3,-0.04319479948050026
6,150,0.3,0.3,-0.0014757755910883342
7,150,0.3,0.3,-0.09795617818969458
