,N2,alpha_mu,alpha_var,alphas
0,100,0.2,0.1,-0.22959468606942698
1,100,0.2,0.1,-0.2930679621080511
2,100,0.2,0.1,-0.10465787004902227
3,100,0.2,0.1,-0.13637568466534283
4,100,0.2,0.1,-0.22619170276816503
5,100,0.2,0.1,-0.24894695955488091
6,100,0.2,0.1,-0.07028711849933886
7,100,0.2,0.1,-0.17778655765390677
