,stay at home,>50 gatherings,>500 gatherings,public schools,restaurant dine-in,entertainment/gym,federal guidelines,foreign travel ban
stay at home,0.0,3.3331666624997918,4.88339021582343,3.661966684720111,2.2781571499789033,3.089902911096075,2.6814175355583845,2.6814175355583845
>50 gatherings,3.3331666624997918,0.0,4.767336782733102,2.1470910553583886,2.782085548648711,4.693346354148605,3.043024810940588,3.0430248109405875
>500 gatherings,4.88339021582343,4.767336782733102,0.0,2.937260628544903,2.4591665254715878,4.88978527135906,2.706935536727833,4.6289847699036555
public schools,3.661966684720111,2.1470910553583886,2.937260628544903,0.0,1.3564659966250538,5.054453481831641,2.420743687382041,2.420743687382041
restaurant dine-in,2.2781571499789033,2.782085548648711,2.4591665254715878,1.3564659966250538,0.0,5.064336086793609,2.2045407685048604,2.2045407685048604
entertainment/gym,3.089902911096075,4.693346354148605,4.88978527135906,5.054453481831641,5.064336086793609,0.0,6.127601488347622,6.127601488347622
federal guidelines,2.6814175355583845,3.043024810940588,2.706935536727833,2.420743687382041,2.2045407685048604,6.127601488347622,0.0,0.0
foreign travel ban,2.6814175355583845,3.0430248109405875,4.6289847699036555,2.420743687382041,2.2045407685048604,6.127601488347622,0.0,0.0
