,N2,Alpha distribution,Random seed,alpha_parameter1,alpha_parameter2,alphas
0,150,gamma,123,0.1667,1,-0.06476302281643173
1,150,gamma,123,0.1667,1,-0.015359969466330855
2,150,gamma,123,0.1667,1,-6.048699450319019e-05
3,150,gamma,123,0.1667,1,-2.3439839663247657e-05
4,150,gamma,123,0.1667,1,-0.10368327128163703
5,150,gamma,123,0.1667,1,-3.813487927517599e-15
6,150,gamma,123,0.1667,1,-0.28802901394218805
7,150,gamma,123,0.1667,1,-0.1414196802737223
