,N2,Alpha distribution,Random seed,alpha_parameter1,alpha_parameter2,alphas
0,150,same,1,1,1,-0.7501415191677722
1,150,same,1,1,1,-0.15001711457731742
2,150,same,1,1,1,-0.2111585841997128
3,150,same,1,1,1,-0.04641485775514915
4,150,same,1,1,1,-0.029944826482953636
5,150,same,1,1,1,-0.031155399972785294
6,150,same,1,1,1,-0.07116900674341935
7,150,same,1,1,1,-0.042026933552654584
