,stay at home,>50 gatherings,>500 gatherings,public schools,restaurant dine-in,entertainment/gym,federal guidelines,foreign travel ban
stay at home,0.0,792.8332986086923,792.3311966921598,947.5277948028348,946.670314951947,901.5309328772862,948.1488536258415,948.1488536258415
>50 gatherings,792.8332986086923,0.0,3.6584089650066356,598.1854844337806,597.5173613574485,492.7492769879291,597.7541849463917,597.7686733421315
>500 gatherings,792.3311966921598,3.6584089650066356,0.0,597.9965501177103,597.409635453752,492.60219919304114,597.8869825430465,598.2518505673062
public schools,947.5277948028348,598.1854844337806,597.9965501177103,0.0,4.109741795334598,353.5819471233862,3.412464642137326,3.4193818695625584
restaurant dine-in,946.670314951947,597.5173613574485,597.409635453752,4.109741795334598,0.0,352.9929603690658,4.12076269138998,4.252076561705976
entertainment/gym,901.5309328772862,492.7492769879291,492.60219919304114,353.5819471233862,352.9929603690658,0.0,353.5811276529298,353.5956816984537
federal guidelines,948.1488536258415,597.7541849463917,597.8869825430465,3.412464642137326,4.12076269138998,353.5811276529298,0.0,0.0
foreign travel ban,948.1488536258415,597.7686733421315,598.2518505673062,3.4193818695625584,4.252076561705976,353.5956816984537,0.0,0.0
