,stay at home,>50 gatherings,>500 gatherings,public schools,restaurant dine-in,entertainment/gym,federal guidelines,foreign travel ban
stay at home,0.0,6.0590245253933155,7.129472022876857,5.066507572925085,4.311703369436052,4.505239827604664,4.990941280844469,4.990941280844469
>50 gatherings,6.0590245253933155,0.0,3.6584089650066356,3.605623127270192,4.414455987176739,4.8739320524011225,4.220098588719686,4.300152670454043
>500 gatherings,7.129472022876857,3.6584089650066356,0.0,3.7672900185912157,4.25316308476234,4.841241224864629,4.268934539445056,5.639764920735973
public schools,5.066507572925085,3.605623127270192,3.7672900185912157,0.0,4.109741795334598,5.177238635347121,3.412464642137326,3.4193818695625584
restaurant dine-in,4.311703369436052,4.414455987176739,4.25316308476234,4.109741795334598,0.0,3.9990922137595124,4.12076269138998,4.252076561705976
entertainment/gym,4.505239827604664,4.8739320524011225,4.841241224864629,5.177238635347121,3.9990922137595124,0.0,5.510285555222382,5.592087850798028
federal guidelines,4.990941280844469,4.220098588719686,4.268934539445056,3.412464642137326,4.12076269138998,5.510285555222382,0.0,0.0
foreign travel ban,4.990941280844469,4.300152670454043,5.639764920735973,3.4193818695625584,4.252076561705976,5.592087850798028,0.0,0.0
