,stay at home,>50 gatherings,>500 gatherings,public schools,restaurant dine-in,entertainment/gym,federal guidelines,foreign travel ban
stay at home,0.0,6.758511758511759,8.794664794664795,10.39819004524887,9.490573152337857,7.990434142752023,12.480392156862745,17.480392156862745
>50 gatherings,6.758511758511759,0.0,1.851863354037267,4.071452199801522,4.126695335759179,5.265134347685335,5.886867350314257,10.828647039364869
>500 gatherings,8.794664794664795,1.851863354037267,0.0,4.8637115448230235,4.571617598412173,6.008093234056329,5.334105193516375,8.856103208733046
public schools,10.39819004524887,4.071452199801522,4.8637115448230235,0.0,3.7372670807453416,4.844958782498415,2.382608695652174,7.372670807453416
restaurant dine-in,9.490573152337857,4.126695335759179,4.571617598412173,3.7372670807453416,0.0,1.8963221306277742,3.8236024844720498,8.677018633540373
entertainment/gym,7.990434142752023,5.265134347685335,6.008093234056329,4.844958782498415,1.8963221306277742,0.0,4.885542168674699,9.791693088142042
federal guidelines,12.480392156862745,5.886867350314257,5.334105193516375,2.382608695652174,3.8236024844720498,4.885542168674699,0.0,5.0
foreign travel ban,17.480392156862745,10.828647039364869,8.856103208733046,7.372670807453416,8.677018633540373,9.791693088142042,5.0,0.0
