,stay at home,>50 gatherings,>500 gatherings,public schools,restaurant dine-in,entertainment/gym,federal guidelines,foreign travel ban
stay at home,0.0,292.8534161490683,294.7052795031056,448.90124223602487,447.5975155279503,395.4270186335404,451.27267080745344,456.27267080745344
>50 gatherings,292.8534161490683,0.0,1.851863354037267,156.7726708074534,156.655900621118,106.73385093167703,158.47701863354038,163.4223602484472
>500 gatherings,294.7052795031056,1.851863354037267,0.0,157.5164596273292,157.07360248447205,107.44658385093167,157.95807453416148,161.57049689440993
public schools,448.90124223602487,156.7726708074534,157.5164596273292,0.0,3.7372670807453416,55.987888198757766,2.382608695652174,7.372670807453416
restaurant dine-in,447.5975155279503,156.655900621118,157.07360248447205,3.7372670807453416,0.0,52.95621118012422,3.8236024844720498,8.677018633540373
entertainment/gym,395.4270186335404,106.73385093167703,107.44658385093167,55.987888198757766,52.95621118012422,0.0,56.0276397515528,60.93571428571428
federal guidelines,451.27267080745344,158.47701863354038,157.95807453416148,2.382608695652174,3.8236024844720498,56.0276397515528,0.0,5.0
foreign travel ban,456.27267080745344,163.4223602484472,161.57049689440993,7.372670807453416,8.677018633540373,60.93571428571428,5.0,0.0
