NPI,mean,sd
I1: Stay at home,0.017280306555913984,0.04004073075142051
I2: >50 gathering,0.19193201257957526,0.2286607586736052
I3: >500 gathering,0.07151127029239786,0.12369604555828792
I4: Public schools,0.08057804230866855,0.16660441778545146
I5: Restaurant dine-in,0.06790973726879368,0.13881684847271836
I6: Entertainment/gym,0.13138084979332235,0.17452511858770933
I7: Federal guidelines,0.5157094185341519,0.3941743026922802
I8: Foreign travel ban,0.18054932529863665,0.2417432913173986
