,N2,Alpha distribution,Random seed,alpha_parameter1,alpha_parameter2,alphas
0,150,normal,10,0.3,0.4,0.5320987136507236
1,150,normal,10,0.3,0.4,-0.18401453481348307
2,150,normal,10,0.3,0.4,-0.5194125482506335
3,150,normal,10,0.3,0.4,-0.3075727625737462
4,150,normal,10,0.3,0.4,-0.5342591204039384
5,150,normal,10,0.3,0.4,-0.37801405623621154
6,150,normal,10,0.3,0.4,-0.15933500024033162
7,150,normal,10,0.3,0.4,-0.8054521523610538
