NPI,mean,sd
$I_1$: Stay at home,-0.005280388146213499,0.005775128065066334
$I_2$: >50 gathering,0.0005715748228103914,0.015520715897367287
$I_3$: >500 gathering,0.0010598528774088658,0.016336920667430862
$I_4$: Public schools,0.6882268745694949,0.34165183771450913
$I_5$: Restaurant dine-in,-0.0012643359245020375,0.012621503972759756
$I_6$: Entertainment/gym,0.11348616802727418,0.02783204717636353
$I_7$: Federal guidelines,0.3909418207147643,0.3600146654775111
$I_8$: Foreign travel ban,0.005467122121306217,0.026733096326808363
$I_9$: Mask mandate,0.0,0.0
